<?xml version="1.0" encoding="UTF-8"?>
<metadata xml:lang="en"><Esri><CreaDate>20150531</CreaDate><CreaTime>12075600</CreaTime><ArcGISFormat>1.0</ArcGISFormat><SyncOnce>TRUE</SyncOnce><DataProperties><itemProps><itemLocation><linkage Sync="TRUE">file://\\NATESLAPTOP\C$\PythonPrimer\PythonPrimer2014\Final\ArcPy_Bytes\Data\Central_City_CommPlan</linkage><protocol Sync="TRUE">Local Area Network</protocol></itemLocation></itemProps><copyHistory><copy source="C:\PythonPrimer\PythonPrimer2014\Final\Chapter04\Data\Central_City_CommPlan" dest="\\NATESLAPTOP\C$\PythonPrimer\PythonPrimer2014\Final\ArcPy_Bytes\Data\Central_City_CommPlan" date="20150531" time="12075600"></copy></copyHistory></DataProperties></Esri></metadata>
