<?xml version="1.0"?>
<!--<!DOCTYPE metadata SYSTEM "http://www.esri.com/metadata/esriprof80.dtd">-->
<metadata xml:lang="en"><Esri><CreaDate>20141129</CreaDate><CreaTime>15444900</CreaTime><SyncOnce>FALSE</SyncOnce><RematchLocator>ADDRESSUNIT<Category Locator="Review">Address</Category><Description Locator="Review">US One Address with House Unit</Description><CLSID Locator="Review">{04FCADCF-ED3B-11D2-9F48-00C04F8ED1C4}</CLSID><ConfigKeyword Locator="Review">DEFAULTS</ConfigKeyword><DBEnv.CLSID Locator="Review">{78E9FDDC-001A-11d4-AB58-00C04FA379E3}</DBEnv.CLSID><DBEnv.Library Locator="Review">mtchloc</DBEnv.Library><FieldAliases Locator="Review">Street</FieldAliases><FieldAliases Locator="Review">Unit</FieldAliases><FieldNames.0 Locator="Review">Address</FieldNames.0><FieldNames.0 Locator="Review">Addr</FieldNames.0><FieldNames.0 Locator="Review">Street</FieldNames.0><FieldNames.1 Locator="Review">Unit</FieldNames.1><FieldNames.1 Locator="Review">HouseNum_Suffix</FieldNames.1><FieldNames.1 Locator="Review">Number_Suffix</FieldNames.1><FieldNames.1 Locator="Review">Number_Suf</FieldNames.1><FieldNames.1 Locator="Review">SUB</FieldNames.1><Fields Locator="Review">Street</Fields><Fields Locator="Review">Unit</Fields><FieldSizes Locator="Review">60</FieldSizes><FieldSizes Locator="Review">20</FieldSizes><FieldsRequired Locator="Review">TRUE</FieldsRequired><FieldsRequired Locator="Review">FALSE</FieldsRequired><FileMAT Locator="Review">us_snum_u2.mat</FileMAT><FileSTN Locator="Review">us_addr.stn</FileSTN><Interpolate Locator="Review">FALSE</Interpolate><Locator.CLSID Locator="Review">{D9052385-AB46-11d2-AADA-00C04FA379E3}</Locator.CLSID><Locator.FactoryCLSID Locator="Review">{68F5E953-06FF-11d3-AAFD-00C04FA379E3}</Locator.FactoryCLSID><Locator.FactoryLibrary Locator="Review">mtchloc</Locator.FactoryLibrary><Locator.Library Locator="Review">mtchloc</Locator.Library><MatchIfScoresTie Locator="Review">True</MatchIfScoresTie><MinimumCandidateScore Locator="Review">10</MinimumCandidateScore><MinimumMatchScore Locator="Review">60</MinimumMatchScore><MKeyAlias.HN Locator="Review">HouseNum</MKeyAlias.HN><MKeyAlias.PD Locator="Review">PreDir</MKeyAlias.PD><MKeyAlias.PT Locator="Review">PreType</MKeyAlias.PT><MKeyAlias.SD Locator="Review">SufDir</MKeyAlias.SD><MKeyAlias.SN Locator="Review">StreetName</MKeyAlias.SN><MKeyAlias.ST Locator="Review">SufType</MKeyAlias.ST><MKeyAlias.UT Locator="Review">HouseUnit</MKeyAlias.UT><MKeyField Locator="Review">XX</MKeyField><MKeyField Locator="Review">UT</MKeyField><Query.CLSID Locator="Review">{1845B140-FC3B-11d2-AAFA-00C04FA379E3}</Query.CLSID><Query.Library Locator="Review">mtchloc</Query.Library><RD.Func Locator="Review">SDEX,mtchloc,SX,""</RD.Func><RD.Func Locator="Review">SpellSens,mtchloc,SpellSens,""</RD.Func><RD.IdxTable Locator="Review">IdxTable1,"IndexTable for Primary table"</RD.IdxTable><RD.IdxTable1.IdxColumn Locator="Review">XID,"Soundex foreign key column",Y,$Table1.ID</RD.IdxTable1.IdxColumn><RD.IdxTable1.IdxColumn Locator="Review">Sx,"Soundex code column",Y,@SDEX($Table1.StreetName)</RD.IdxTable1.IdxColumn><RD.IdxTable1.Prefix Locator="Review">GC_SS</RD.IdxTable1.Prefix><RD.Query Locator="Review">Query1,"Main query"</RD.Query><RD.Query1.Filter Locator="Review">@SpellSens(%SN%, $Table1.StreetName)</RD.Query1.Filter><RD.Query1.InvariantWhere Locator="Review">: AND $Table1.ID = $IdxTable1.XID:</RD.Query1.InvariantWhere><RD.Query1.MF Locator="Review">HouseNum,Table1.HouseNum</RD.Query1.MF><RD.Query1.MF Locator="Review">PreDir,Table1.PreDir</RD.Query1.MF><RD.Query1.MF Locator="Review">PreType,Table1.PreType</RD.Query1.MF><RD.Query1.MF Locator="Review">StreetName,Table1.StreetName</RD.Query1.MF><RD.Query1.MF Locator="Review">StreetType,Table1.StreetType</RD.Query1.MF><RD.Query1.MF Locator="Review">SufDir,Table1.SufDir</RD.Query1.MF><RD.Query1.MF Locator="Review">Unit,Table1.Unit</RD.Query1.MF><RD.Query1.MF Locator="Review">Shape,Table1.Shape</RD.Query1.MF><RD.Query1.MF Locator="Review">ID,Table1.ID</RD.Query1.MF><RD.Query1.Where Locator="Review">$IdxTable1.Sx = '@SDEX(%SN%)'</RD.Query1.Where><RD.Table Locator="Review">Table1,"Primary table"</RD.Table><RD.Table1.Column Locator="Review">HouseNum,"House Number",N,TRUE</RD.Table1.Column><RD.Table1.Column Locator="Review">PreDir,"Prefix Direction",N,FALSE</RD.Table1.Column><RD.Table1.Column Locator="Review">PreType,"Prefix Type",N,FALSE</RD.Table1.Column><RD.Table1.Column Locator="Review">StreetName,"Street Name",N,TRUE</RD.Table1.Column><RD.Table1.Column Locator="Review">StreetType,"Street Type",N,FALSE</RD.Table1.Column><RD.Table1.Column Locator="Review">SufDir,"Suffix Direction",N,FALSE</RD.Table1.Column><RD.Table1.Column Locator="Review">Unit,"House Unit",N,FALSE</RD.Table1.Column><RD.Table1.Column Locator="Review">ID,"Record ID for the Primary table",N,TRUE</RD.Table1.Column><RD.Table1.Column Locator="Review">Shape,"Shape column",N,TRUE</RD.Table1.Column><RD.Table1.Filter Locator="Review">esriCatalog.GxFilterSDEFeatureClasses</RD.Table1.Filter><RD.Val.IdxTable1 Locator="Review">MADPRD.GC_SS2</RD.Val.IdxTable1><RD.Val.IdxTable1.Sx Locator="Review">SX</RD.Val.IdxTable1.Sx><RD.Val.IdxTable1.XID Locator="Review">XID</RD.Val.IdxTable1.XID><RD.Val.Table1 Locator="Review">MADPRD.ADDRESS</RD.Val.Table1><RD.Val.Table1.HouseNum Locator="Review">STREETNUMBER</RD.Val.Table1.HouseNum><RD.Val.Table1.ID Locator="Review">ADDRESSID</RD.Val.Table1.ID><RD.Val.Table1.PreDir Locator="Review">PREFIXDIR</RD.Val.Table1.PreDir><RD.Val.Table1.PreType Locator="Review">PREFIXTYPE</RD.Val.Table1.PreType><RD.Val.Table1.Shape Locator="Review">SHAPE</RD.Val.Table1.Shape><RD.Val.Table1.StreetName Locator="Review">STREETNAME</RD.Val.Table1.StreetName><RD.Val.Table1.StreetType Locator="Review">STREETTYPE</RD.Val.Table1.StreetType><RD.Val.Table1.SufDir Locator="Review">SUFFIXDIR</RD.Val.Table1.SufDir><RD.Val.Table1.Unit Locator="Review">UNIT</RD.Val.Table1.Unit><SpellingSensitivity Locator="Review">80</SpellingSensitivity><SupportIntersections Locator="Review">FALSE</SupportIntersections><UICLSID Locator="Review">{AE5A3A0E-F756-11D2-9F4F-00C04F8ED1C4}</UICLSID><UseRelativePaths Locator="Review">False</UseRelativePaths><Version Locator="Review">9.1</Version><WriteReferenceIDField Locator="Review">True</WriteReferenceIDField><WriteStandardizedAddressField Locator="Review">False</WriteStandardizedAddressField><WriteXYCoordFields Locator="Review">False</WriteXYCoordFields><RD.WorkspaceString Locator="Review">ProgID = esriDataSourcesGDB.SdeWorkspaceFactory.1; Conn = (ENCRYPTED_PASSWORD=0002952f028f652e1bfade8f1fd97c23cf4d00;SERVER=entsdetrn01;INSTANCE=5153;USER=madprd;VERSION=SDE.DEFAULT)</RD.WorkspaceString><InTable Locator="Review">::</InTable><InKeyColumns Locator="Review">::</InKeyColumns><InColumns Locator="Review">ARC_Street</InColumns><InColumns Locator="Review">ARC_Unit</InColumns><OutTable Locator="Review">::</OutTable><OutKeyColumns Locator="Review">::</OutKeyColumns><OutColumns Locator="Review">Shape</OutColumns><OutColumns Locator="Review">Status</OutColumns><OutColumns Locator="Review">Score</OutColumns><OutColumns Locator="Review">Ref_ID</OutColumns></RematchLocator><SyncDate>20100901</SyncDate><SyncTime>15314900</SyncTime><ModDate>20100901</ModDate><ModTime>15314900</ModTime><DataProperties><itemProps><itemLocation><linkage Sync="TRUE">file://\\NATESLAPTOP\C$\PythonPrimer\PythonPrimer2014\Extra_Samples\City_Facilities</linkage><protocol Sync="TRUE">Local Area Network</protocol></itemLocation></itemProps><copyHistory><copy source="C:\PythonPrimer\Chapter04\Data\City_Facilities" dest="\\NATESLAPTOP\C$\PythonPrimer\PythonPrimer2014\Extra_Samples\City_Facilities" date="20141129" time="15444900"></copy></copyHistory></DataProperties></Esri><idinfo><citation><citeinfo><onlink Sync="TRUE">\\ewgis01\shares\GIS\PUBLIC_FACILITIES\City_Facilities.shp</onlink><origin>City of Sacramento - Central GIS Unit, Nathan Jennings</origin><pubdate>03.26.2008</pubdate><title Sync="TRUE">City_Facilities</title><ftname Sync="TRUE">City_Facilities</ftname><geoform Sync="TRUE">vector digital data</geoform><othercit>This data will include routine updates as needed.</othercit><pubinfo><publish>Central GIS Unit - Nathan Jennings</publish></pubinfo></citeinfo></citation><native Sync="TRUE">Microsoft Windows XP Version 5.1 (Build 2600) Service Pack 3; ESRI ArcCatalog 9.3.1.3500</native><descript><langdata Sync="TRUE">en</langdata><abstract>City Facilities Update - March 2008</abstract><purpose>City Facilities were updated to include cross reference with the Master Address Database and coordination with other city departments.  City Facility points were relocated to the particular structure as needed both in the City Facilities file and in MAD.

NOTE:  Future Updates will be made based on consensus among City GIS Staff.</purpose></descript><timeperd><current>publication date</current><timeinfo><sngdate><caldate>08/26/2008</caldate></sngdate></timeinfo></timeperd><status><progress>In work</progress><update>As needed</update></status><spdom><bounding><westbc Sync="TRUE">-121.551105</westbc><eastbc Sync="TRUE">-121.379554</eastbc><northbc Sync="TRUE">38.671383</northbc><southbc Sync="TRUE">38.452057</southbc></bounding><lboundng><leftbc Sync="TRUE">6690218.600000</leftbc><rightbc Sync="TRUE">6738804.400000</rightbc><bottombc Sync="TRUE">1927053.970000</bottombc><topbc Sync="TRUE">2006643.750000</topbc></lboundng></spdom><keywords><theme><themekt>City, Facilities, City of Sacramento</themekt><themekey>City Facilities</themekey></theme></keywords><accconst>Can be released with no restrictions</accconst><useconst>Can be released with no restrictions</useconst><natvform Sync="TRUE">Shapefile</natvform><ptcontac><cntinfo><cntperp><cntper>Nathan Jennings</cntper><cntorg>City of Sacramento - Central GIS Unit</cntorg></cntperp><cntpos>GIS Analyst</cntpos><cntaddr><addrtype>mailing address</addrtype><address>1000 I St, Ste 170</address><city>Sacramento</city><state>CA</state><postal>95814</postal><country>USA</country></cntaddr><cntvoice>916-808-7857</cntvoice><cntemail>njennings@cityofsacramento.org</cntemail><hours>8-5 M-F</hours></cntinfo></ptcontac></idinfo><distInfo><distributor><distorTran><onLineSrc><linkage Sync="TRUE">file://\\ewgis01\shares\GIS\PUBLIC_FACILITIES\City_Facilities.shp</linkage><protocol Sync="TRUE">Local Area Network</protocol><orDesc Sync="TRUE">002</orDesc></onLineSrc><transSize Sync="TRUE">0.006</transSize></distorTran><distorFormat><formatName Sync="TRUE">Shapefile</formatName></distorFormat></distributor></distInfo><dataqual><lineage><procstep><procdesc>This City Facilities Layer was modified from a draft Facilities 2005 file that contained the Facilities 2004 file with some modifications (conducted by Jesus Alvarez in DOU).  The modifications made between 2004 and the draft 2005 was moving facilty points to locations of actual building structures and additional facilties such as DOU reservoirs.  These were added for a 2005 Emergency Operation exercise that occurred in the fall of 2005.

Since then other modifications were done by Development Services, but there was no comprehensive cross check against the Master Address file and facilities that changed location as a result of the physical reorganization of the City of Sacramento from 2004-2005.

This City Facilities file contains all of these changes as well as modifying MAD as needed.  In addition, departments were contacted for updated or new information as it was available.

This file does contain the geocoding results from geocoding the addresses to the Master Address Database.  In a few cases, the geocoding failed as a result of the address field having cross street information or no real address.  These will be modified and updated at a later time.  Since they failed the geocode, they will not show up on any map.  In addition, MAD addresses will be added outside of the city boundary for fire stations, libraries, community centers, and emergency operations.  See individual field (attribute) descriptions for more details.</procdesc><date Sync="TRUE">20070411</date><time Sync="TRUE">08264700</time><proccont><cntinfo><cntperp><cntper>Nathan Jennings</cntper><cntorg>City of Sacramento - Central GIS Unit</cntorg></cntperp><cntpos>GIS Analyst</cntpos><cntaddr><addrtype>mailing and physical address</addrtype><address>1000 I St, Ste 170</address><city>Sacramento</city><state>CA</state><postal>95814</postal><country>USA</country></cntaddr><cntvoice>916-808-7857</cntvoice><cntemail>njennings@cityofsacramento.org</cntemail><hours>8-5 M-F</hours></cntinfo></proccont><procsv>ArcGIS 9.2</procsv><procdate>10.2006 - 04.2007</procdate></procstep><procstep><procdesc Sync="TRUE">Dataset copied.</procdesc><srcused Sync="TRUE"></srcused><date Sync="TRUE">20070411</date><time Sync="TRUE">09501500</time></procstep><procstep><procdesc Sync="TRUE">Dataset copied.</procdesc><srcused Sync="TRUE">\\eadmin01\vol1\Compsvcs\GIS\Jennings\facilities\City_Facilities</srcused><date Sync="TRUE">20070411</date><time Sync="TRUE">10580200</time></procstep><procstep><procdesc Sync="TRUE">Dataset copied.</procdesc><srcused Sync="TRUE">\\Entgis01\Shares\GIS\PUBLIC_FACILITIES\City_Facilities</srcused><date Sync="TRUE">20080326</date><time Sync="TRUE">07141600</time></procstep><procstep><procdesc Sync="TRUE">Dataset copied.</procdesc><srcused Sync="TRUE">\\Entgis01\Shares\DSD_GIS\GeneralData\Maintenance\PUBLIC_FACILITES\Archive\City_Facilities_032608</srcused><date Sync="TRUE">20080326</date><time Sync="TRUE">07193900</time></procstep><procstep><procdesc Sync="TRUE">Dataset copied.</procdesc><srcused Sync="TRUE">\\Entgis01\Shares\DSD_GIS\GeneralData\Maintenance\PUBLIC_FACILITES\Archive\City_Facilities</srcused><date Sync="TRUE">20080326</date><time Sync="TRUE">07195200</time></procstep><procstep><procdesc Sync="TRUE">Dataset copied.</procdesc><srcused Sync="TRUE">\\Entgis01\Shares\GIS\TRANSFER\Jennings\Facilities\City_Facilities</srcused><date Sync="TRUE">20080326</date><time Sync="TRUE">08094700</time></procstep><procstep><procdesc Sync="TRUE">Dataset copied.</procdesc><srcused Sync="TRUE"></srcused><procdate Sync="TRUE">20080825</procdate><proctime Sync="TRUE">13384400</proctime></procstep><procstep><procdesc Sync="TRUE">Dataset copied.</procdesc><srcused Sync="TRUE">\\eadmin01\vol1\Compsvcs\GIS\Jennings\city_bnd_changes\City_Facilities</srcused><procdate Sync="TRUE">20080825</procdate><proctime Sync="TRUE">13474400</proctime></procstep><procstep><procdesc Sync="TRUE">Dataset copied.</procdesc><srcused Sync="TRUE">\\entgis01\shares\GIS\TRANSFER\Dan_McCoy\City_Facilities</srcused><procdate Sync="TRUE">20080825</procdate><proctime Sync="TRUE">13482400</proctime></procstep></lineage></dataqual><dataIdInfo><envirDesc Sync="TRUE">Microsoft Windows XP Version 5.1 (Build 2600) Service Pack 3; ESRI ArcCatalog 9.3.1.3500</envirDesc><dataLang><languageCode Sync="TRUE" value="en"></languageCode></dataLang><idCitation><resTitle Sync="TRUE">City_Facilities</resTitle><presForm><PresFormCd Sync="TRUE" value="005"></PresFormCd></presForm></idCitation><spatRpType><SpatRepTypCd Sync="TRUE" value="001"></SpatRepTypCd></spatRpType><dataExt><geoEle><GeoBndBox esriExtentType="native"><westBL Sync="TRUE">6690218.6</westBL><eastBL Sync="TRUE">6738804.4</eastBL><northBL Sync="TRUE">2006643.75</northBL><southBL Sync="TRUE">1927053.97</southBL><exTypeCode Sync="TRUE">1</exTypeCode></GeoBndBox></geoEle></dataExt><geoBox esriExtentType="decdegrees"><westBL Sync="TRUE">-121.551105</westBL><eastBL Sync="TRUE">-121.379554</eastBL><northBL Sync="TRUE">38.671383</northBL><southBL Sync="TRUE">38.452057</southBL><exTypeCode Sync="TRUE">1</exTypeCode></geoBox></dataIdInfo><metainfo><langmeta Sync="TRUE">en</langmeta><metstdn Sync="TRUE">FGDC Content Standards for Digital Geospatial Metadata</metstdn><metstdv Sync="TRUE">FGDC-STD-001-1998</metstdv><mettc Sync="TRUE">local time</mettc><metc><cntinfo><cntorgp><cntper>Nathan Jennings</cntper><cntorg>City of Sacramento - Central GIS Unit</cntorg></cntorgp><cntaddr><addrtype>mailing and physical address</addrtype><city>Sacramento</city><state>CA</state><postal>95814</postal><address>1000 I St, Ste 170</address><country>USA</country></cntaddr><cntvoice>916-808-7857</cntvoice><cntpos>GIS Analyst</cntpos><cntemail>njennings@cityofsacramento.org</cntemail><hours>8-5 M-F</hours></cntinfo></metc><metd Sync="TRUE">20100901</metd><metextns><onlink Sync="TRUE">http://www.esri.com/metadata/esriprof80.html</onlink><metprof Sync="TRUE">ESRI Metadata Profile</metprof></metextns></metainfo><mdLang><languageCode Sync="TRUE" value="en"></languageCode></mdLang><mdStanName Sync="TRUE">ISO 19115 Geographic Information - Metadata</mdStanName><mdStanVer Sync="TRUE">DIS_ESRI1.0</mdStanVer><mdChar><CharSetCd Sync="TRUE" value="004"></CharSetCd></mdChar><mdHrLv><ScopeCd Sync="TRUE" value="005"></ScopeCd></mdHrLv><mdHrLvName Sync="TRUE">dataset</mdHrLvName><distinfo><resdesc>Can email, FTP, transfer as per the City GIS liability agreement</resdesc><stdorder><digform><digtinfo><transize Sync="TRUE">0.006</transize><dssize Sync="TRUE">0.006</dssize></digtinfo></digform><fees>$250 may be required</fees><ordering>Contact Central GIS Unit from above contact information.</ordering><turnarnd>up to 2 weeks</turnarnd></stdorder><distrib><cntinfo><cntperp><cntper>Nathan Jennings</cntper><cntorg>City of Sacramento - Central GIS Unit</cntorg></cntperp><cntpos>GIS Analyst</cntpos><cntaddr><addrtype>mailing and physical address</addrtype><address>1000 I St, Ste 170</address><city>Sacramento</city><state>CA</state><postal>95814</postal><country>USA</country></cntaddr><cntvoice>916-808-7857</cntvoice><cntemail>njennings@cityofsacramento.org</cntemail><hours>8-5 M-F</hours></cntinfo></distrib><techpreq>ArcGIS 9.x.  Must know how to use and operate GIS properly.</techpreq><availabl><timeinfo><sngdate><caldate>04/2007</caldate></sngdate></timeinfo></availabl></distinfo><spdoinfo><direct Sync="TRUE">Vector</direct><ptvctinf><esriterm Name="City_Facilities"><efeatyp Sync="TRUE">Simple</efeatyp><efeageom Sync="TRUE">Point</efeageom><esritopo Sync="TRUE">FALSE</esritopo><efeacnt Sync="TRUE">214</efeacnt><spindex Sync="TRUE">TRUE</spindex><linrefer Sync="TRUE">FALSE</linrefer></esriterm><sdtsterm Name="City_Facilities"><sdtstype Sync="TRUE">Entity point</sdtstype><ptvctcnt Sync="TRUE">214</ptvctcnt></sdtsterm></ptvctinf></spdoinfo><spref><horizsys><cordsysn><geogcsn Sync="TRUE">GCS_North_American_1983</geogcsn><projcsn Sync="TRUE">NAD_1983_StatePlane_California_II_FIPS_0402_Feet</projcsn></cordsysn><planar><planci><plance Sync="TRUE">coordinate pair</plance><plandu Sync="TRUE">survey feet</plandu><coordrep><absres Sync="TRUE">0.000000</absres><ordres Sync="TRUE">0.000000</ordres></coordrep></planci><mapproj><mapprojn Sync="TRUE">Lambert Conformal Conic</mapprojn><lambertc><stdparll Sync="TRUE">38.333333</stdparll><stdparll Sync="TRUE">39.833333</stdparll><longcm Sync="TRUE">-122.000000</longcm><latprjo Sync="TRUE">37.666667</latprjo><feast Sync="TRUE">6561666.666667</feast><fnorth Sync="TRUE">1640416.666667</fnorth></lambertc></mapproj></planar><geodetic><horizdn Sync="TRUE">North American Datum of 1983</horizdn><ellips Sync="TRUE">Geodetic Reference System 80</ellips><semiaxis Sync="TRUE">6378137.000000</semiaxis><denflat Sync="TRUE">298.257222</denflat></geodetic></horizsys></spref><refSysInfo><RefSystem><refSysID><identCode Sync="TRUE">NAD_1983_StatePlane_California_II_FIPS_0402_Feet</identCode></refSysID></RefSystem></refSysInfo><spatRepInfo><VectSpatRep><topLvl><TopoLevCd Sync="TRUE" value="001"></TopoLevCd></topLvl><geometObjs Name="City_Facilities"><geoObjTyp><GeoObjTypCd Sync="TRUE" value="004"></GeoObjTypCd></geoObjTyp><geoObjCnt Sync="TRUE">214</geoObjCnt></geometObjs></VectSpatRep></spatRepInfo><eainfo><detailed Name="City_Facilities"><enttyp><enttypl>City Facilities</enttypl><enttypt Sync="TRUE">Feature Class</enttypt><enttypc Sync="TRUE">214</enttypc></enttyp><attr><attrlabl Sync="TRUE">FID</attrlabl><attalias Sync="TRUE">FID</attalias><attrtype Sync="TRUE">OID</attrtype><attwidth Sync="TRUE">4</attwidth><atprecis Sync="TRUE">0</atprecis><attscale Sync="TRUE">0</attscale><attrdef Sync="TRUE">Internal feature number.</attrdef><attrdefs Sync="TRUE">ESRI</attrdefs><attrdomv><udom Sync="TRUE">Sequential unique whole numbers that are automatically generated.</udom></attrdomv></attr><attr><attrlabl Sync="TRUE">Shape</attrlabl><attalias Sync="TRUE">Shape</attalias><attrtype Sync="TRUE">Geometry</attrtype><attwidth Sync="TRUE">0</attwidth><atprecis Sync="TRUE">0</atprecis><attscale Sync="TRUE">0</attscale><attrdef Sync="TRUE">Feature geometry.</attrdef><attrdefs Sync="TRUE">ESRI</attrdefs><attrdomv><udom Sync="TRUE">Coordinates defining the features.</udom></attrdomv></attr><attr><attrlabl Sync="TRUE">Status</attrlabl><attalias Sync="TRUE">Status</attalias><attrtype Sync="TRUE">String</attrtype><attwidth Sync="TRUE">1</attwidth><attrdef>M = Match; U=Unmatched; T=Tie</attrdef></attr><attr><attrlabl Sync="TRUE">Score</attrlabl><attalias Sync="TRUE">Score</attalias><attrtype Sync="TRUE">Number</attrtype><attwidth Sync="TRUE">4</attwidth><attrdef>-1 - 100</attrdef><attrdefs>Geocoding Result Score</attrdefs><attrdomv><rdom><rdommin>-1</rdommin><rdommax>100</rdommax><attrunit>Numerical Score</attrunit></rdom></attrdomv></attr><attr><attrlabl Sync="TRUE">Ref_ID</attrlabl><attalias Sync="TRUE">Ref_ID</attalias><attrtype Sync="TRUE">Number</attrtype><attwidth Sync="TRUE">9</attwidth><attrdef>MAD ID value</attrdef><attrdefs>Master Address Database ID number</attrdefs></attr><attr><attrlabl Sync="TRUE">ARC_Street</attrlabl><attalias Sync="TRUE">ARC_Street</attalias><attrtype Sync="TRUE">String</attrtype><attwidth Sync="TRUE">60</attwidth><attrdef>Geocded Street</attrdef></attr><attr><attrlabl Sync="TRUE">ARC_Unit</attrlabl><attalias Sync="TRUE">ARC_Unit</attalias><attrtype Sync="TRUE">String</attrtype><attwidth Sync="TRUE">20</attwidth><attrdef>Geocoded Unit if applicable</attrdef></attr><attr><attrlabl Sync="TRUE">MP5Key</attrlabl><attalias Sync="TRUE">MP5Key</attalias><attrtype Sync="TRUE">String</attrtype><attwidth Sync="TRUE">11</attwidth><attrdef>Old General Services MP5 Key if available</attrdef></attr><attr><attrlabl Sync="TRUE">Desc_</attrlabl><attalias Sync="TRUE">Desc_</attalias><attrtype Sync="TRUE">String</attrtype><attwidth Sync="TRUE">45</attwidth><attrdef>Facility Description</attrdef></attr><attr><attrlabl Sync="TRUE">Location</attrlabl><attalias Sync="TRUE">Location</attalias><attrtype Sync="TRUE">String</attrtype><attwidth Sync="TRUE">45</attwidth><attrdef>Physical Street Address</attrdef><attrdefs>May be a cross street or descriptive address</attrdefs></attr><attr><attrlabl Sync="TRUE">LabelClass</attrlabl><attalias Sync="TRUE">LabelClass</attalias><attrtype Sync="TRUE">String</attrtype><attwidth Sync="TRUE">35</attwidth><attrdef>Facility Classification</attrdef></attr><attr><attrlabl Sync="TRUE">flag</attrlabl><attalias Sync="TRUE">flag</attalias><attrtype Sync="TRUE">Number</attrtype><attwidth Sync="TRUE">4</attwidth><attrdomv><edom><edomv>1</edomv><edomvd>review is complete and address and other information verified</edomvd><edomvds>departmental contacts, city web sites, personal communcations, MAD review, direct field verification, and/or air photo interpretation.</edomvds></edom><edom><edomv>0</edomv><edomvd>review pending; address and other information need verification</edomvd><edomvds>departmental contacts, city web sites, personal communcations, MAD review, direct field verification, and/or air photo interpretation.</edomvds></edom></attrdomv><attrdef>1=completed review and verification; 0=review pending and additional information is needed.</attrdef></attr><attr><attrlabl Sync="TRUE">Phone</attrlabl><attalias Sync="TRUE">Phone</attalias><attrtype Sync="TRUE">String</attrtype><attwidth Sync="TRUE">12</attwidth><attrdef>phone number of facility if available</attrdef></attr><attr><attrlabl Sync="TRUE">MAD</attrlabl><attalias Sync="TRUE">MAD</attalias><attrtype Sync="TRUE">String</attrtype><attwidth Sync="TRUE">3</attwidth><attrdomv><edom><edomv>Y</edomv><edomvd>MAD Address Exists</edomvd></edom><edom><edomv>N</edomv><edomvd>MAD address does not exist</edomvd></edom></attrdomv><attrdef>MAD address exists (Y/N)</attrdef></attr><attr><attrlabl Sync="TRUE">InOut_City</attrlabl><attalias Sync="TRUE">InOut_City</attalias><attrtype Sync="TRUE">String</attrtype><attwidth Sync="TRUE">5</attwidth><attrdomv><edom><edomv>In</edomv><edomvd>Facility is within the City limit</edomvd></edom><edom><edomv>Out</edomv><edomvd>facility is outside city limit</edomvd></edom></attrdomv><attrdef>In/Out of City Limit</attrdef></attr><attr><attrlabl Sync="TRUE">Source</attrlabl><attalias Sync="TRUE">Source</attalias><attrtype Sync="TRUE">String</attrtype><attwidth Sync="TRUE">50</attwidth><attrdef>Documentation Source of changes if available</attrdef></attr><attr><attrlabl Sync="TRUE">Src_Link</attrlabl><attalias Sync="TRUE">Src_Link</attalias><attrtype Sync="TRUE">String</attrtype><attwidth Sync="TRUE">100</attwidth><attrdef>Web site link if available of documentation</attrdef></attr><attr><attrlabl Sync="TRUE">UpDate_Com</attrlabl><attalias Sync="TRUE">UpDate_Com</attalias><attrtype Sync="TRUE">String</attrtype><attwidth Sync="TRUE">50</attwidth><attrdef>Comment field for brief comments made to document changes by Nathan Jennings</attrdef></attr></detailed><overview><dsoverv>City Facility Layer for the City of Sacramento.  Does not include all city buildings or departments.  Best available information from departments, field verification, web sites, and personal communication.

Facilities that were deemed out of service and not owned by the City were removed.</dsoverv></overview></eainfo><mdDateSt Sync="TRUE">20100901</mdDateSt></metadata>
